title,name,workers,address,link,html,ss,timestamp
'Tydzień Botoxu . PROMOCJA 3 PARTIE 399ZL stymulatory 399zl','Leneczka',,"Sosnowiec,",https://www.olx.pl/d/oferta/tydzien-botoxu-promocja-3-partie-399zl-stymulatory-399zl-CID4371-IDWbecv.html,'844927352.html',,2024-04-10 21:05:45
'Tydzień Botoxu . PROMOCJA 3 PARTIE 399ZL stymulatory 399zl','Leneczka',,"Sosnowiec,",https://www.olx.pl/d/oferta/tydzien-botoxu-promocja-3-partie-399zl-stymulatory-399zl-CID4371-IDWbecv.html,'844927352.html',,2024-04-10 21:05:46
"'Promocja KERATYNOWE PROSTOWANIE, Nanoplastia, Botox! KRAKÓW'",'Monika',,"Kraków, Czyżyny",https://www.olx.pl/d/oferta/promocja-keratynowe-prostowanie-nanoplastia-botox-krakow-CID4371-IDO6ATa.html,'740388572.html',,2024-04-10 21:05:47
"'Promocja KERATYNOWE PROSTOWANIE, Nanoplastia, Botox! KRAKÓW'",'Monika',,"Kraków, Czyżyny",https://www.olx.pl/d/oferta/promocja-keratynowe-prostowanie-nanoplastia-botox-krakow-CID4371-IDO6ATa.html,'740388572.html',,2024-04-10 21:05:48
'250zł= Kwas Hialuronowy Powiększenie Ust Wolumetria BOTOX Plasma RATY','Patrycja',,"Katowice, Giszowiec",https://www.olx.pl/d/oferta/250zl-kwas-hialuronowy-powiekszenie-ust-wolumetria-botox-plasma-raty-CID4371-IDxYH4u.html,'502084338.html',,2024-04-10 21:05:50
'250zł= Kwas Hialuronowy Powiększenie Ust Wolumetria BOTOX Plasma RATY','Patrycja',,"Katowice, Giszowiec",https://www.olx.pl/d/oferta/250zl-kwas-hialuronowy-powiekszenie-ust-wolumetria-botox-plasma-raty-CID4371-IDxYH4u.html,'502084338.html',,2024-04-10 21:05:51
'Nanoplastia keratynowe prostowanie botox','ESME',,"Sosnowiec,",https://www.olx.pl/d/oferta/nanoplastia-keratynowe-prostowanie-botox-CID4371-IDZuSCh.html,'908716285.html',,2024-04-10 21:05:52
'Nanoplastia keratynowe prostowanie botox','ESME',,"Sosnowiec,",https://www.olx.pl/d/oferta/nanoplastia-keratynowe-prostowanie-botox-CID4371-IDZuSCh.html,'908716285.html',,2024-04-10 21:05:53
"'Powiększanie ust, wolumetria, botox'",'Calm&Beauty',,"Katowice, Śródmieście",https://www.olx.pl/d/oferta/powiekszanie-ust-wolumetria-botox-CID4371-IDS6TbV.html,'799564272.html',,2024-04-10 21:05:55
"'Powiększanie ust, wolumetria, botox'",'Calm&Beauty',,"Katowice, Śródmieście",https://www.olx.pl/d/oferta/powiekszanie-ust-wolumetria-botox-CID4371-IDS6TbV.html,'799564272.html',,2024-04-10 21:05:56
'Usta/botox/mezoterapia','Iryna',,"Poznań, Wilda",https://www.olx.pl/d/oferta/usta-botox-mezoterapia-CID4371-IDZcAdi.html,'904355640.html',,2024-04-10 21:05:57
'Usta/botox/mezoterapia','Iryna',,"Poznań, Wilda",https://www.olx.pl/d/oferta/usta-botox-mezoterapia-CID4371-IDZcAdi.html,'904355640.html',,2024-04-10 21:05:58
"'Stylizacja rzęs, stylizacja brwi'",'Paulina',,"Częstochowa, Parkitka",https://www.olx.pl/d/oferta/stylizacja-rzes-stylizacja-brwi-CID4371-IDZrpF8.html,'907890002.html',,2024-04-10 21:05:59
"'Stylizacja rzęs, stylizacja brwi'",'Paulina',,"Częstochowa, Parkitka",https://www.olx.pl/d/oferta/stylizacja-rzes-stylizacja-brwi-CID4371-IDZrpF8.html,'907890002.html',,2024-04-10 21:06:00
'Revuele serum pod oczy Expert+ Botox Effect NOWE nie otwierane','Daniel',,"Wrocław, Śródmieście",https://www.olx.pl/d/oferta/revuele-serum-pod-oczy-expert-botox-effect-nowe-nie-otwierane-CID751-IDZAjZA.html,'910013158.html',,2024-04-10 21:06:02
'Revuele serum pod oczy Expert+ Botox Effect NOWE nie otwierane','Daniel',,"Wrocław, Śródmieście",https://www.olx.pl/d/oferta/revuele-serum-pod-oczy-expert-botox-effect-nowe-nie-otwierane-CID751-IDZAjZA.html,'910013158.html',,2024-04-10 21:06:03
'Botox Felps Okra 500gr','Agata',,"Stróżewo,",https://www.olx.pl/d/oferta/botox-felps-okra-500gr-CID3647-IDYgH0d.html,'890558713.html',,2024-04-10 21:06:05
'Botox Felps Okra 500gr','Agata',,"Stróżewo,",https://www.olx.pl/d/oferta/botox-felps-okra-500gr-CID3647-IDYgH0d.html,'890558713.html',,2024-04-10 21:06:05
"'Promocja ! Keratynowe prostowanie, nanoplastia, botox, nanobotox'",'Gosia',,"Kraków, Podgórze Duchackie",https://www.olx.pl/d/oferta/promocja-keratynowe-prostowanie-nanoplastia-botox-nanobotox-CID4371-IDH3yCy.html,'636230518.html',,2024-04-10 21:06:07
"'Promocja ! Keratynowe prostowanie, nanoplastia, botox, nanobotox'",'Gosia',,"Kraków, Podgórze Duchackie",https://www.olx.pl/d/oferta/promocja-keratynowe-prostowanie-nanoplastia-botox-nanobotox-CID4371-IDH3yCy.html,'636230518.html',,2024-04-10 21:06:09
"'Powiększanie ust russian lips 1ml350zł,2ml450zł,botox,nici4D,lipoliza'",'Kamila',,"Kraków, Dębniki",https://www.olx.pl/d/oferta/powiekszanie-ust-russian-lips-1ml350zl-2ml450zl-botox-nici4d-lipoliza-CID4371-IDM9JbD.html,'711582781.html',,2024-04-10 21:06:11
"'Powiększanie ust russian lips 1ml350zł,2ml450zł,botox,nici4D,lipoliza'",'Kamila',,"Kraków, Dębniki",https://www.olx.pl/d/oferta/powiekszanie-ust-russian-lips-1ml350zl-2ml450zl-botox-nici4d-lipoliza-CID4371-IDM9JbD.html,'711582781.html',,2024-04-10 21:06:12
'Botoks / BOTOX - wygładzanie zmarszczek! Super cena 250zł!','Natalia Skonieczny',,"Będzin, Śródmieście",https://www.olx.pl/d/oferta/botoks-botox-wygladzanie-zmarszczek-super-cena-250zl-CID4371-IDLvsAo.html,'702224176.html',,2024-04-10 21:06:14
'Botoks / BOTOX - wygładzanie zmarszczek! Super cena 250zł!','Natalia Skonieczny',,"Będzin, Śródmieście",https://www.olx.pl/d/oferta/botoks-botox-wygladzanie-zmarszczek-super-cena-250zl-CID4371-IDLvsAo.html,'702224176.html',,2024-04-10 21:06:15
'Botox botoks Max Blowout Bottoplex Platinum FX','Weronika',,"Warszawa, Praga-Północ",https://www.olx.pl/d/oferta/botox-botoks-max-blowout-bottoplex-platinum-fx-CID3647-IDZjxPr.html,'906014769.html',,2024-04-10 21:06:17
'Botox botoks Max Blowout Bottoplex Platinum FX','Weronika',,"Warszawa, Praga-Północ",https://www.olx.pl/d/oferta/botox-botoks-max-blowout-bottoplex-platinum-fx-CID3647-IDZjxPr.html,'906014769.html',,2024-04-10 21:06:18
'250zł= Botox - Botoks/ PLASMA IQ/ Wolumetria/ Powiększenie Ust - RATY','Patrycja',,"Katowice, Giszowiec",https://www.olx.pl/d/oferta/250zl-botox-botoks-plasma-iq-wolumetria-powiekszenie-ust-raty-CID4371-IDxUM0N.html,'501150017.html',,2024-04-10 21:06:20
'250zł= Botox - Botoks/ PLASMA IQ/ Wolumetria/ Powiększenie Ust - RATY','Patrycja',,"Katowice, Giszowiec",https://www.olx.pl/d/oferta/250zl-botox-botoks-plasma-iq-wolumetria-powiekszenie-ust-raty-CID4371-IDxUM0N.html,'501150017.html',,2024-04-10 21:06:21
"'Keratynowe prostowanie włosów, botox'",'Kasia',,"Łódź, Górna",https://www.olx.pl/d/oferta/keratynowe-prostowanie-wlosow-botox-CID4371-IDVEvGa.html,'866686230.html',,2024-04-10 21:06:23
"'Keratynowe prostowanie włosów, botox'",'Kasia',,"Łódź, Górna",https://www.olx.pl/d/oferta/keratynowe-prostowanie-wlosow-botox-CID4371-IDVEvGa.html,'866686230.html',,2024-04-10 21:06:24
'Szampon odżywka po proteinach botoxie nanoplastii keratynie','Agnieszka',,"Zapusta,",https://www.olx.pl/d/oferta/szampon-odzywka-po-proteinach-botoxie-nanoplastii-keratynie-CID3647-IDZyzaE.html,'909594848.html',,2024-04-10 21:06:26
'Szampon odżywka po proteinach botoxie nanoplastii keratynie','Agnieszka',,"Zapusta,",https://www.olx.pl/d/oferta/szampon-odzywka-po-proteinach-botoxie-nanoplastii-keratynie-CID3647-IDZyzaE.html,'909594848.html',,2024-04-10 21:06:27
'Stylizacja brwi i rzęs- promocja do końca kwietnia','Karolina',,"Kraków, Podgórze",https://www.olx.pl/d/oferta/stylizacja-brwi-i-rzes-promocja-do-konca-kwietnia-CID4371-IDZs0c3.html,'908030427.html',,2024-04-10 21:06:29
'Stylizacja brwi i rzęs- promocja do końca kwietnia','Karolina',,"Kraków, Podgórze",https://www.olx.pl/d/oferta/stylizacja-brwi-i-rzes-promocja-do-konca-kwietnia-CID4371-IDZs0c3.html,'908030427.html',,2024-04-10 21:06:30
'Zapraszam na Nanoplastie kreatynowe prostowanie włosów oraz botox','Ewa',,"Reda,",https://www.olx.pl/d/oferta/zapraszam-na-nanoplastie-kreatynowe-prostowanie-wlosow-oraz-botox-CID4371-IDZfJHA.html,'905107098.html',,2024-04-10 21:06:32
'Zapraszam na Nanoplastie kreatynowe prostowanie włosów oraz botox','Ewa',,"Reda,",https://www.olx.pl/d/oferta/zapraszam-na-nanoplastie-kreatynowe-prostowanie-wlosow-oraz-botox-CID4371-IDZfJHA.html,'905107098.html',,2024-04-10 21:06:33
'Promocja! Rzęsy 1:1 2-3d 4-10d russian volume lifting botox rzęs brwi','Sylwia',,"Kraków, Podgórze Duchackie",https://www.olx.pl/d/oferta/promocja-rzesy-11-2-3d-4-10d-russian-volume-lifting-botox-rzes-brwi-CID4371-IDpugwz.html,'376621701.html',,2024-04-10 21:06:35
'Promocja! Rzęsy 1:1 2-3d 4-10d russian volume lifting botox rzęs brwi','Sylwia',,"Kraków, Podgórze Duchackie",https://www.olx.pl/d/oferta/promocja-rzesy-11-2-3d-4-10d-russian-volume-lifting-botox-rzes-brwi-CID4371-IDpugwz.html,'376621701.html',,2024-04-10 21:06:36
"'Szkolenie Lifting, botox, laminacja, henna, brwi i rzęs'",'Epil Beauty Centrum Szkoleniowe',,"Łódź, Śródmieście",https://www.olx.pl/d/oferta/szkolenie-lifting-botox-laminacja-henna-brwi-i-rzes-CID4371-IDZjeBk.html,'905940858.html',,2024-04-10 21:06:38
"'Szkolenie Lifting, botox, laminacja, henna, brwi i rzęs'",'Epil Beauty Centrum Szkoleniowe',,"Łódź, Śródmieście",https://www.olx.pl/d/oferta/szkolenie-lifting-botox-laminacja-henna-brwi-i-rzes-CID4371-IDZjeBk.html,'905940858.html',,2024-04-10 21:06:39
'Powiekszanie ust promocja cena 200 zl','Nata',,"Warszawa, Wola",https://www.olx.pl/d/oferta/powiekszanie-ust-promocja-cena-200-zl-CID4371-IDJcplW.html,'667892515.html',,2024-04-10 21:06:41
'Powiekszanie ust promocja cena 200 zl','Nata',,"Warszawa, Wola",https://www.olx.pl/d/oferta/powiekszanie-ust-promocja-cena-200-zl-CID4371-IDJcplW.html,'667892515.html',,2024-04-10 21:06:42
'Tydzień Botoxu . PROMOCJA 3 PARTIE 399ZL stymulatory 399zl','Leneczka',,"Sosnowiec,",https://www.olx.pl/d/oferta/tydzien-botoxu-promocja-3-partie-399zl-stymulatory-399zl-CID4371-IDWbecv.html,'844927352.html',,2024-04-10 21:06:44
'Tydzień Botoxu . PROMOCJA 3 PARTIE 399ZL stymulatory 399zl','Leneczka',,"Sosnowiec,",https://www.olx.pl/d/oferta/tydzien-botoxu-promocja-3-partie-399zl-stymulatory-399zl-CID4371-IDWbecv.html,'844927352.html',,2024-04-10 21:06:45
'250zł Botoks botox toksyna botulinowa usuwanie zmarszczek btx','Karolina',,"Warszawa, Bemowo",https://www.olx.pl/d/oferta/250zl-botoks-botox-toksyna-botulinowa-usuwanie-zmarszczek-btx-CID4371-IDVxrnH.html,'864997569.html',,2024-04-10 21:06:47
'250zł Botoks botox toksyna botulinowa usuwanie zmarszczek btx','Karolina',,"Warszawa, Bemowo",https://www.olx.pl/d/oferta/250zl-botoks-botox-toksyna-botulinowa-usuwanie-zmarszczek-btx-CID4371-IDVxrnH.html,'864997569.html',,2024-04-10 21:06:48
"'Przedłużanie rzes 100-140zl , lifting botox rzes 80 zl'",'Magda',,"Poznań, Winogrady",https://www.olx.pl/d/oferta/przedluzanie-rzes-100-140zl-lifting-botox-rzes-80-zl-CID4371-IDywYFI.html,'510016818.html',,2024-04-10 21:06:50
"'Przedłużanie rzes 100-140zl , lifting botox rzes 80 zl'",'Magda',,"Poznań, Winogrady",https://www.olx.pl/d/oferta/przedluzanie-rzes-100-140zl-lifting-botox-rzes-80-zl-CID4371-IDywYFI.html,'510016818.html',,2024-04-10 21:06:51
"'Promocja KERATYNOWE PROSTOWANIE, Nanoplastia, Botox! KRAKÓW'",'Monika',,"Kraków, Czyżyny",https://www.olx.pl/d/oferta/promocja-keratynowe-prostowanie-nanoplastia-botox-krakow-CID4371-IDO6ATa.html,'740388572.html',,2024-04-10 21:06:52
"'Promocja KERATYNOWE PROSTOWANIE, Nanoplastia, Botox! KRAKÓW'",'Monika',,"Kraków, Czyżyny",https://www.olx.pl/d/oferta/promocja-keratynowe-prostowanie-nanoplastia-botox-krakow-CID4371-IDO6ATa.html,'740388572.html',,2024-04-10 21:06:53
'Przedłużanie włosów botox prostowanie mobilna stylistka keratyna','Karolina',,"Poznań, Grunwald",https://www.olx.pl/d/oferta/przedluzanie-wlosow-botox-prostowanie-mobilna-stylistka-keratyna-CID4371-IDVoG5z.html,'862909153.html',,2024-04-10 21:06:55
'Przedłużanie włosów botox prostowanie mobilna stylistka keratyna','Karolina',,"Poznań, Grunwald",https://www.olx.pl/d/oferta/przedluzanie-wlosow-botox-prostowanie-mobilna-stylistka-keratyna-CID4371-IDVoG5z.html,'862909153.html',,2024-04-10 21:06:56
'Botoks -Botulina Promocja 170 zł','INSTYTUT URODY',,"Gdańsk, Aniołki",https://www.olx.pl/d/oferta/botoks-botulina-promocja-170-zl-CID4371-IDZ4WRX.html,'902532261.html',,2024-04-10 21:06:58
'Botoks -Botulina Promocja 170 zł','INSTYTUT URODY',,"Gdańsk, Aniołki",https://www.olx.pl/d/oferta/botoks-botulina-promocja-170-zl-CID4371-IDZ4WRX.html,'902532261.html',,2024-04-10 21:06:59
"'Rzęsy, henna pudrowa, laminacja w Sandra Spa Studio Modelowania Sylwet'",'Agata',,"Bielsko-Biała,",https://www.olx.pl/d/oferta/rzesy-henna-pudrowa-laminacja-w-sandra-spa-studio-modelowania-sylwet-CID4371-IDTXKMT.html,'826939687.html',,2024-04-10 21:07:00
"'Rzęsy, henna pudrowa, laminacja w Sandra Spa Studio Modelowania Sylwet'",'Agata',,"Bielsko-Biała,",https://www.olx.pl/d/oferta/rzesy-henna-pudrowa-laminacja-w-sandra-spa-studio-modelowania-sylwet-CID4371-IDTXKMT.html,'826939687.html',,2024-04-10 21:07:02
"'Keratynowe prostowanie, Nanoplastia, Intensywna Regeneracja Włosów'",'Kasia',,"Gliwice, Sikornik",https://www.olx.pl/d/oferta/keratynowe-prostowanie-nanoplastia-intensywna-regeneracja-wlosow-CID4371-IDYmwJq.html,'891945356.html',,2024-04-10 21:07:03
"'Keratynowe prostowanie, Nanoplastia, Intensywna Regeneracja Włosów'",'Kasia',,"Gliwice, Sikornik",https://www.olx.pl/d/oferta/keratynowe-prostowanie-nanoplastia-intensywna-regeneracja-wlosow-CID4371-IDYmwJq.html,'891945356.html',,2024-04-10 21:07:04
"'Promocja! Przedłużanie rzęs - Laminacja rzęs-henna,regulacja'",'Agnieszka',,"Poznań, Piątkowo",https://www.olx.pl/d/oferta/promocja-przedluzanie-rzes-laminacja-rzes-henna-regulacja-CID4371-IDZ13AD.html,'901608627.html',,2024-04-10 21:07:06
"'Promocja! Przedłużanie rzęs - Laminacja rzęs-henna,regulacja'",'Agnieszka',,"Poznań, Piątkowo",https://www.olx.pl/d/oferta/promocja-przedluzanie-rzes-laminacja-rzes-henna-regulacja-CID4371-IDZ13AD.html,'901608627.html',,2024-04-10 21:07:07
"'Botox, kwas hialuronowy'",'Angelika',,"Poznań, Stare Miasto",https://www.olx.pl/d/oferta/botox-kwas-hialuronowy-CID4371-IDVEcSO.html,'866610134.html',,2024-04-10 21:07:09
"'Botox, kwas hialuronowy'",'Angelika',,"Poznań, Stare Miasto",https://www.olx.pl/d/oferta/botox-kwas-hialuronowy-CID4371-IDVEcSO.html,'866610134.html',,2024-04-10 21:07:10
"'Przedłużanie włosów, keratyna,nanoplastia,botox'",'Klaudia',,"Radom,",https://www.olx.pl/d/oferta/przedluzanie-wlosow-keratyna-nanoplastia-botox-CID4371-IDQVzzR.html,'782329259.html',,2024-04-10 21:07:12
"'Przedłużanie włosów, keratyna,nanoplastia,botox'",'Klaudia',,"Radom,",https://www.olx.pl/d/oferta/przedluzanie-wlosow-keratyna-nanoplastia-botox-CID4371-IDQVzzR.html,'782329259.html',,2024-04-10 21:07:13
"'Mega promocja do końca Maja. Usta różne metody , botox , Stymulatory'",'Leneczka',,"Sosnowiec,",https://www.olx.pl/d/oferta/mega-promocja-do-konca-maja-usta-rozne-metody-botox-stymulatory-CID4371-IDYRgBj.html,'899275361.html',,2024-04-10 21:07:15
"'Mega promocja do końca Maja. Usta różne metody , botox , Stymulatory'",'Leneczka',,"Sosnowiec,",https://www.olx.pl/d/oferta/mega-promocja-do-konca-maja-usta-rozne-metody-botox-stymulatory-CID4371-IDYRgBj.html,'899275361.html',,2024-04-10 21:07:17
"'Przedłużanie rzes górnych/dolnych,lifting,laminowanie,botox henna rzę'",'Aneta',,"Dąbrowa Górnicza,",https://www.olx.pl/d/oferta/przedluzanie-rzes-gornych-dolnych-lifting-laminowanie-botox-henna-rze-CID4371-IDN3WqU.html,'724976224.html',,2024-04-10 21:07:19
"'Przedłużanie rzes górnych/dolnych,lifting,laminowanie,botox henna rzę'",'Aneta',,"Dąbrowa Górnicza,",https://www.olx.pl/d/oferta/przedluzanie-rzes-gornych-dolnych-lifting-laminowanie-botox-henna-rze-CID4371-IDN3WqU.html,'724976224.html',,2024-04-10 21:07:20
'Kursy : Kwas Hialuronowy l ll lll-2500/ usta-1500/ Botox BTX- 1500','Patrycja',,"Katowice, Giszowiec",https://www.olx.pl/d/oferta/kursy-kwas-hialuronowy-l-ll-lll-2500-usta-1500-botox-btx-1500-CID4371-IDWhkfg.html,'846380554.html',,2024-04-10 21:07:22
'Kursy : Kwas Hialuronowy l ll lll-2500/ usta-1500/ Botox BTX- 1500','Patrycja',,"Katowice, Giszowiec",https://www.olx.pl/d/oferta/kursy-kwas-hialuronowy-l-ll-lll-2500-usta-1500-botox-btx-1500-CID4371-IDWhkfg.html,'846380554.html',,2024-04-10 21:07:23
'Atlas toksyna botulinowa ksiazka botox botoks','Med Beauty Krzysztof',,"Wrocław, Fabryczna",https://www.olx.pl/d/oferta/atlas-toksyna-botulinowa-ksiazka-botox-botoks-CID751-IDQh5jl.html,'772441467.html',,2024-04-10 21:07:25
'Atlas toksyna botulinowa ksiazka botox botoks','Med Beauty Krzysztof',,"Wrocław, Fabryczna",https://www.olx.pl/d/oferta/atlas-toksyna-botulinowa-ksiazka-botox-botoks-CID751-IDQh5jl.html,'772441467.html',,2024-04-10 21:07:27
"'Powiekszanie ust, wolumetria, botoks , makijaz pernamentny'",'Agnieszka',,"Katowice, Wełnowiec-Józefowiec",https://www.olx.pl/d/oferta/powiekszanie-ust-wolumetria-botoks-makijaz-pernamentny-CID4371-IDZfb6N.html,'904974121.html',,2024-04-10 21:07:28
"'Powiekszanie ust, wolumetria, botoks , makijaz pernamentny'",'Agnieszka',,"Katowice, Wełnowiec-Józefowiec",https://www.olx.pl/d/oferta/powiekszanie-ust-wolumetria-botoks-makijaz-pernamentny-CID4371-IDZfb6N.html,'904974121.html',,2024-04-10 21:07:29
"'Powiększanie ust RUSSIAN LIPS 1ml 600zl, botox,dolina łez, model brody'",'Kosmetologia',,"Poznań, Stare Miasto",https://www.olx.pl/d/oferta/powiekszanie-ust-russian-lips-1ml-600zl-botox-dolina-lez-model-brody-CID4371-IDAdV3y.html,'535269532.html',,2024-04-10 21:07:31
"'Powiększanie ust RUSSIAN LIPS 1ml 600zl, botox,dolina łez, model brody'",'Kosmetologia',,"Poznań, Stare Miasto",https://www.olx.pl/d/oferta/powiekszanie-ust-russian-lips-1ml-600zl-botox-dolina-lez-model-brody-CID4371-IDAdV3y.html,'535269532.html',,2024-04-10 21:07:32
"'Kwas hialuronowy - 299 pln. 1 ml , botox - od 199pln'",'Hanka',,"Sosnowiec,",https://www.olx.pl/d/oferta/kwas-hialuronowy-299-pln-1-ml-botox-od-199pln-CID4371-IDVl4Ml.html,'862050749.html',,2024-04-10 21:07:35
"'Kwas hialuronowy - 299 pln. 1 ml , botox - od 199pln'",'Hanka',,"Sosnowiec,",https://www.olx.pl/d/oferta/kwas-hialuronowy-299-pln-1-ml-botox-od-199pln-CID4371-IDVl4Ml.html,'862050749.html',,2024-04-10 21:07:36
"'Powiekszanie ust, wolumetria, botoks , makijaz pernamentny'",'Agnieszka',,"Katowice, Wełnowiec-Józefowiec",https://www.olx.pl/d/oferta/powiekszanie-ust-wolumetria-botoks-makijaz-pernamentny-CID4371-IDZfb6N.html,'904974121.html',,2024-04-10 21:07:37
"'Powiekszanie ust, wolumetria, botoks , makijaz pernamentny'",'Agnieszka',,"Katowice, Wełnowiec-Józefowiec",https://www.olx.pl/d/oferta/powiekszanie-ust-wolumetria-botoks-makijaz-pernamentny-CID4371-IDZfb6N.html,'904974121.html',,2024-04-10 21:07:39
'Stylizacja Brwi Rzes Laminacja Henna Praga Południe - Wiatraczna','LIDIA',,"Warszawa, Praga-Południe",https://www.olx.pl/d/oferta/stylizacja-brwi-rzes-laminacja-henna-praga-poludnie-wiatraczna-CID4371-IDZl5e0.html,'906381472.html',,2024-04-10 21:07:40
'Stylizacja Brwi Rzes Laminacja Henna Praga Południe - Wiatraczna','LIDIA',,"Warszawa, Praga-Południe",https://www.olx.pl/d/oferta/stylizacja-brwi-rzes-laminacja-henna-praga-poludnie-wiatraczna-CID4371-IDZl5e0.html,'906381472.html',,2024-04-10 21:07:41
"'Przedłużanie włosów,nanoplastia,keratynowe prostowanie mobilnie'",'Przedłużanie Włosów',,"Poznań, Grunwald",https://www.olx.pl/d/oferta/przedluzanie-wlosow-nanoplastia-keratynowe-prostowanie-mobilnie-CID4371-IDXgHmS.html,'875783782.html',,2024-04-10 21:07:43
"'Przedłużanie włosów,nanoplastia,keratynowe prostowanie mobilnie'",'Przedłużanie Włosów',,"Poznań, Grunwald",https://www.olx.pl/d/oferta/przedluzanie-wlosow-nanoplastia-keratynowe-prostowanie-mobilnie-CID4371-IDXgHmS.html,'875783782.html',,2024-04-10 21:07:44
'Botox Gold do włosów','Ania',,"Sochaczew,",https://www.olx.pl/d/oferta/botox-gold-do-wlosow-CID3647-IDNZ9Tt.html,'738616507.html',,2024-04-10 21:07:46
'Botox Gold do włosów','Ania',,"Sochaczew,",https://www.olx.pl/d/oferta/botox-gold-do-wlosow-CID3647-IDNZ9Tt.html,'738616507.html',,2024-04-10 21:07:48
'Botox Felps XBTX Okra Quiabo 1 kg','Michalina',,"Jarosław,",https://www.olx.pl/d/oferta/botox-felps-xbtx-okra-quiabo-1-kg-CID3647-IDZbUYU.html,'904197144.html',,2024-04-10 21:07:49
'Botox Felps XBTX Okra Quiabo 1 kg','Michalina',,"Jarosław,",https://www.olx.pl/d/oferta/botox-felps-xbtx-okra-quiabo-1-kg-CID3647-IDZbUYU.html,'904197144.html',,2024-04-10 21:07:50
'Keratynowe prostowanie / Botox/Bioplastia/Nanoplastia','fabian.tobolszewski2016',,"Lublin,",https://www.olx.pl/d/oferta/keratynowe-prostowanie-botox-bioplastia-nanoplastia-CID4371-IDZoXS7.html,'907306519.html',,2024-04-10 21:07:52
'Keratynowe prostowanie / Botox/Bioplastia/Nanoplastia','fabian.tobolszewski2016',,"Lublin,",https://www.olx.pl/d/oferta/keratynowe-prostowanie-botox-bioplastia-nanoplastia-CID4371-IDZoXS7.html,'907306519.html',,2024-04-10 21:07:53
'Botox Effect - usuwanie zmarszczek','MY BAE Nails & Cosmetology',,"Kraków, Czyżyny",https://www.olx.pl/d/oferta/botox-effect-usuwanie-zmarszczek-CID4371-IDXboHb.html,'874520365.html',,2024-04-10 21:07:55
'Botox Effect - usuwanie zmarszczek','MY BAE Nails & Cosmetology',,"Kraków, Czyżyny",https://www.olx.pl/d/oferta/botox-effect-usuwanie-zmarszczek-CID4371-IDXboHb.html,'874520365.html',,2024-04-10 21:07:57
'250zł= Kwas Hialuronowy Powiększenie Ust Wolumetria BOTOX Plasma RATY','Patrycja',,"Katowice, Giszowiec",https://www.olx.pl/d/oferta/250zl-kwas-hialuronowy-powiekszenie-ust-wolumetria-botox-plasma-raty-CID4371-IDxYH4u.html,'502084338.html',,2024-04-10 21:07:58
'250zł= Kwas Hialuronowy Powiększenie Ust Wolumetria BOTOX Plasma RATY','Patrycja',,"Katowice, Giszowiec",https://www.olx.pl/d/oferta/250zl-kwas-hialuronowy-powiekszenie-ust-wolumetria-botox-plasma-raty-CID4371-IDxYH4u.html,'502084338.html',,2024-04-10 21:07:59
'Keratyna Botox Nanoplastia','Warkocze',,"Poznań, Grunwald",https://www.olx.pl/d/oferta/keratyna-botox-nanoplastia-CID4371-IDVHqp4.html,'867377090.html',,2024-04-10 21:08:01
'Keratyna Botox Nanoplastia','Warkocze',,"Poznań, Grunwald",https://www.olx.pl/d/oferta/keratyna-botox-nanoplastia-CID4371-IDVHqp4.html,'867377090.html',,2024-04-10 21:08:02
'Maska Onix Botox Bio Performance SOS Capilar Liss 1 kg v12','Artemis',,"Białystok, Centrum",https://www.olx.pl/d/oferta/maska-onix-botox-bio-performance-sos-capilar-liss-1-kg-v12-CID3647-IDZlpJe.html,'906460288.html',,2024-04-10 21:08:03
'Maska Onix Botox Bio Performance SOS Capilar Liss 1 kg v12','Artemis',,"Białystok, Centrum",https://www.olx.pl/d/oferta/maska-onix-botox-bio-performance-sos-capilar-liss-1-kg-v12-CID3647-IDZlpJe.html,'906460288.html',,2024-04-10 21:08:05
'Szkolenie z botox keratynowe prostowanie','Beautiful Hair Lux',,"Poznań, Grunwald",https://www.olx.pl/d/oferta/szkolenie-z-botox-keratynowe-prostowanie-CID4371-IDZrckY.html,'907838780.html',,2024-04-10 21:08:07
'Szkolenie z botox keratynowe prostowanie','Beautiful Hair Lux',,"Poznań, Grunwald",https://www.olx.pl/d/oferta/szkolenie-z-botox-keratynowe-prostowanie-CID4371-IDZrckY.html,'907838780.html',,2024-04-10 21:08:08
"'Kosmetologia: powiększanie ust, botox, korekta nosa, wolumetria'",'Barbara',,"Ruda Śląska,",https://www.olx.pl/d/oferta/kosmetologia-powiekszanie-ust-botox-korekta-nosa-wolumetria-CID4371-IDDj0zO.html,'580807556.html',,2024-04-10 21:08:10
"'Kosmetologia: powiększanie ust, botox, korekta nosa, wolumetria'",'Barbara',,"Ruda Śląska,",https://www.olx.pl/d/oferta/kosmetologia-powiekszanie-ust-botox-korekta-nosa-wolumetria-CID4371-IDDj0zO.html,'580807556.html',,2024-04-10 21:08:12
"'Prostowanie keratynowe, botox, warkocze syntetyczne'",'Angela',,"Knurów,",https://www.olx.pl/d/oferta/prostowanie-keratynowe-botox-warkocze-syntetyczne-CID4371-IDZhvSX.html,'905534487.html',,2024-04-10 21:08:13
"'Prostowanie keratynowe, botox, warkocze syntetyczne'",'Angela',,"Knurów,",https://www.olx.pl/d/oferta/prostowanie-keratynowe-botox-warkocze-syntetyczne-CID4371-IDZhvSX.html,'905534487.html',,2024-04-10 21:08:15
'250zł= Botox - Botoks/ PLASMA IQ/ Wolumetria/ Powiększenie Ust - RATY','Patrycja',,"Katowice, Giszowiec",https://www.olx.pl/d/oferta/250zl-botox-botoks-plasma-iq-wolumetria-powiekszenie-ust-raty-CID4371-IDxUM0N.html,'501150017.html',,2024-04-10 21:08:21
'250zł= Botox - Botoks/ PLASMA IQ/ Wolumetria/ Powiększenie Ust - RATY','Patrycja',,"Katowice, Giszowiec",https://www.olx.pl/d/oferta/250zl-botox-botoks-plasma-iq-wolumetria-powiekszenie-ust-raty-CID4371-IDxUM0N.html,'501150017.html',,2024-04-10 21:08:22
"'Promocja KERATYNOWE PROSTOWANIE, Nanoplastia, Botox! KRAKÓW'",'Monika',,"Kraków, Czyżyny",https://www.olx.pl/d/oferta/promocja-keratynowe-prostowanie-nanoplastia-botox-krakow-CID4371-IDO6ATa.html,'740388572.html',,2024-04-10 21:08:23
"'Promocja KERATYNOWE PROSTOWANIE, Nanoplastia, Botox! KRAKÓW'",'Monika',,"Kraków, Czyżyny",https://www.olx.pl/d/oferta/promocja-keratynowe-prostowanie-nanoplastia-botox-krakow-CID4371-IDO6ATa.html,'740388572.html',,2024-04-10 21:08:25
'Tydzień Botoxu . PROMOCJA 3 PARTIE 399ZL stymulatory 399zl','Leneczka',,"Sosnowiec,",https://www.olx.pl/d/oferta/tydzien-botoxu-promocja-3-partie-399zl-stymulatory-399zl-CID4371-IDWbecv.html,'844927352.html',,2024-04-10 21:08:26
'Tydzień Botoxu . PROMOCJA 3 PARTIE 399ZL stymulatory 399zl','Leneczka',,"Sosnowiec,",https://www.olx.pl/d/oferta/tydzien-botoxu-promocja-3-partie-399zl-stymulatory-399zl-CID4371-IDWbecv.html,'844927352.html',,2024-04-10 21:08:27
"'Powiększanie ust RUSSIAN LIPS 1ml 600zl, botox,dolina łez,volumetria'",'Kosmetologia',,"Zielona Góra,",https://www.olx.pl/d/oferta/powiekszanie-ust-russian-lips-1ml-600zl-botox-dolina-lez-volumetria-CID4371-IDz7u1Q.html,'518955490.html',,2024-04-10 21:08:29
"'Powiększanie ust RUSSIAN LIPS 1ml 600zl, botox,dolina łez,volumetria'",'Kosmetologia',,"Zielona Góra,",https://www.olx.pl/d/oferta/powiekszanie-ust-russian-lips-1ml-600zl-botox-dolina-lez-volumetria-CID4371-IDz7u1Q.html,'518955490.html',,2024-04-10 21:08:31
"'Przedłużanie rzęs, lifting, botox, laminacja, henna pudrowa brwi'",'Magdalena',,"Nysa,",https://www.olx.pl/d/oferta/przedluzanie-rzes-lifting-botox-laminacja-henna-pudrowa-brwi-CID4371-IDIoEPF.html,'656035619.html',,2024-04-10 21:08:32
"'Przedłużanie rzęs, lifting, botox, laminacja, henna pudrowa brwi'",'Magdalena',,"Nysa,",https://www.olx.pl/d/oferta/przedluzanie-rzes-lifting-botox-laminacja-henna-pudrowa-brwi-CID4371-IDIoEPF.html,'656035619.html',,2024-04-10 21:08:33
'RZĘSY I BRWI|Przedłużanie rzęs | laminacja rzęs | laminacja brwi','Emilia',,"Gliwice, Sośnica",https://www.olx.pl/d/oferta/rzesy-i-brwi-przedluzanie-rzes-laminacja-rzes-laminacja-brwi-CID4371-IDZ7uzy.html,'903142316.html',,2024-04-10 21:08:35
'RZĘSY I BRWI|Przedłużanie rzęs | laminacja rzęs | laminacja brwi','Emilia',,"Gliwice, Sośnica",https://www.olx.pl/d/oferta/rzesy-i-brwi-przedluzanie-rzes-laminacja-rzes-laminacja-brwi-CID4371-IDZ7uzy.html,'903142316.html',,2024-04-10 21:08:36
"'Keratynowe prostowanie włosów, botox'",'Kasia',,"Łódź, Górna",https://www.olx.pl/d/oferta/keratynowe-prostowanie-wlosow-botox-CID4371-IDVEvGa.html,'866686230.html',,2024-04-10 21:09:22
"'Keratynowe prostowanie włosów, botox'",'Kasia',,"Łódź, Górna",https://www.olx.pl/d/oferta/keratynowe-prostowanie-wlosow-botox-CID4371-IDVEvGa.html,'866686230.html',,2024-04-10 21:09:23
'250zł= Kwas Hialuronowy Powiększenie Ust Wolumetria BOTOX Plasma RATY','Patrycja',,"Katowice, Giszowiec",https://www.olx.pl/d/oferta/250zl-kwas-hialuronowy-powiekszenie-ust-wolumetria-botox-plasma-raty-CID4371-IDxYH4u.html,'502084338.html',,2024-04-10 21:09:24
'250zł= Kwas Hialuronowy Powiększenie Ust Wolumetria BOTOX Plasma RATY','Patrycja',,"Katowice, Giszowiec",https://www.olx.pl/d/oferta/250zl-kwas-hialuronowy-powiekszenie-ust-wolumetria-botox-plasma-raty-CID4371-IDxYH4u.html,'502084338.html',,2024-04-10 21:09:25
'Szampon odżywka po proteinach botoxie nanoplastii keratynie','Agnieszka',,"Zapusta,",https://www.olx.pl/d/oferta/szampon-odzywka-po-proteinach-botoxie-nanoplastii-keratynie-CID3647-IDZyzaE.html,'909594848.html',,2024-04-10 21:09:26
'Szampon odżywka po proteinach botoxie nanoplastii keratynie','Agnieszka',,"Zapusta,",https://www.olx.pl/d/oferta/szampon-odzywka-po-proteinach-botoxie-nanoplastii-keratynie-CID3647-IDZyzaE.html,'909594848.html',,2024-04-10 21:09:27
'Stylizacja Brwi Rzes Laminacja Henna Praga Południe - Wiatraczna','LIDIA',,"Warszawa, Praga-Południe",https://www.olx.pl/d/oferta/stylizacja-brwi-rzes-laminacja-henna-praga-poludnie-wiatraczna-CID4371-IDZl5e0.html,'906381472.html',,2024-04-10 21:10:35
'Stylizacja Brwi Rzes Laminacja Henna Praga Południe - Wiatraczna','LIDIA',,"Warszawa, Praga-Południe",https://www.olx.pl/d/oferta/stylizacja-brwi-rzes-laminacja-henna-praga-poludnie-wiatraczna-CID4371-IDZl5e0.html,'906381472.html',,2024-04-10 21:10:36
"'Przedłużanie włosów,nanoplastia,keratynowe prostowanie mobilnie'",'Przedłużanie Włosów',,"Poznań, Grunwald",https://www.olx.pl/d/oferta/przedluzanie-wlosow-nanoplastia-keratynowe-prostowanie-mobilnie-CID4371-IDXgHmS.html,'875783782.html',,2024-04-10 21:11:41
"'Przedłużanie włosów,nanoplastia,keratynowe prostowanie mobilnie'",'Przedłużanie Włosów',,"Poznań, Grunwald",https://www.olx.pl/d/oferta/przedluzanie-wlosow-nanoplastia-keratynowe-prostowanie-mobilnie-CID4371-IDXgHmS.html,'875783782.html',,2024-04-10 21:11:42
"'Rzęsy, henna pudrowa, laminacja w Sandra Spa Studio Modelowania Sylwet'",'Agata',,"Bielsko-Biała,",https://www.olx.pl/d/oferta/rzesy-henna-pudrowa-laminacja-w-sandra-spa-studio-modelowania-sylwet-CID4371-IDTXKMT.html,'826939687.html',,2024-04-10 21:11:43
"'Rzęsy, henna pudrowa, laminacja w Sandra Spa Studio Modelowania Sylwet'",'Agata',,"Bielsko-Biała,",https://www.olx.pl/d/oferta/rzesy-henna-pudrowa-laminacja-w-sandra-spa-studio-modelowania-sylwet-CID4371-IDTXKMT.html,'826939687.html',,2024-04-10 21:11:44
'Botoks -Botulina Promocja 170 zł','INSTYTUT URODY',,"Gdańsk, Aniołki",https://www.olx.pl/d/oferta/botoks-botulina-promocja-170-zl-CID4371-IDZ4WRX.html,'902532261.html',,2024-04-10 21:11:45
'Botoks -Botulina Promocja 170 zł','INSTYTUT URODY',,"Gdańsk, Aniołki",https://www.olx.pl/d/oferta/botoks-botulina-promocja-170-zl-CID4371-IDZ4WRX.html,'902532261.html',,2024-04-10 21:11:46
"'Przedłużanie, zagęszczanie i botox włosów'",'Justa',,"Zabrze,",https://www.olx.pl/d/oferta/przedluzanie-zageszczanie-i-botox-wlosow-CID4371-IDTrUaa.html,'819349230.html',,2024-04-10 21:11:48
"'Przedłużanie, zagęszczanie i botox włosów'",'Justa',,"Zabrze,",https://www.olx.pl/d/oferta/przedluzanie-zageszczanie-i-botox-wlosow-CID4371-IDTrUaa.html,'819349230.html',,2024-04-10 21:11:49
'BOTOX DAY 2024 WOLUMETRIA Zabiegi Medycyny Estetycznej','Sylwia',,"Łódź, Górna",https://www.olx.pl/d/oferta/botox-day-2024-wolumetria-zabiegi-medycyny-estetycznej-CID4371-IDFfuHd.html,'609522695.html',,2024-04-10 21:11:51
'BOTOX DAY 2024 WOLUMETRIA Zabiegi Medycyny Estetycznej','Sylwia',,"Łódź, Górna",https://www.olx.pl/d/oferta/botox-day-2024-wolumetria-zabiegi-medycyny-estetycznej-CID4371-IDFfuHd.html,'609522695.html',,2024-04-10 21:11:52
"'Przedłużanie rzęs od 1:1 2d-15d.Lifting rzes. Botox,powiększanie ust'",'Martyna',,"Ostrów Wielkopolski,",https://www.olx.pl/d/oferta/przedluzanie-rzes-od-11-2d-15d-lifting-rzes-botox-powiekszanie-ust-CID4371-IDdlUQX.html,'197315803.html',,2024-04-10 21:11:54
"'Przedłużanie rzęs od 1:1 2d-15d.Lifting rzes. Botox,powiększanie ust'",'Martyna',,"Ostrów Wielkopolski,",https://www.olx.pl/d/oferta/przedluzanie-rzes-od-11-2d-15d-lifting-rzes-botox-powiekszanie-ust-CID4371-IDdlUQX.html,'197315803.html',,2024-04-10 21:11:55
'Nanoplastia botox Katowice','Jagoda',,"Katowice, Giszowiec",https://www.olx.pl/d/oferta/nanoplastia-botox-katowice-CID4371-IDLPfA2.html,'706702414.html',,2024-04-10 21:11:56
'Nanoplastia botox Katowice','Jagoda',,"Katowice, Giszowiec",https://www.olx.pl/d/oferta/nanoplastia-botox-katowice-CID4371-IDLPfA2.html,'706702414.html',,2024-04-10 21:11:58
'Keratyna-Botox 199 zł DOJAZD do 40 km','Angela',,"Sosnowiec,",https://www.olx.pl/d/oferta/keratyna-botox-199-zl-dojazd-do-40-km-CID4371-IDRXalA.html,'797246938.html',,2024-04-10 21:12:00
'Keratyna-Botox 199 zł DOJAZD do 40 km','Angela',,"Sosnowiec,",https://www.olx.pl/d/oferta/keratyna-botox-199-zl-dojazd-do-40-km-CID4371-IDRXalA.html,'797246938.html',,2024-04-10 21:12:01
'Serum do twarzy jak botox','Wika',,"Bytom,",https://www.olx.pl/d/oferta/serum-do-twarzy-jak-botox-CID3647-IDZjFU7.html,'906045811.html',,2024-04-10 21:12:03
'Serum do twarzy jak botox','Wika',,"Bytom,",https://www.olx.pl/d/oferta/serum-do-twarzy-jak-botox-CID3647-IDZjFU7.html,'906045811.html',,2024-04-10 21:12:05
"'Keratyna, nanoplastia, botox'",'Katarzyna',,"Lubin,",https://www.olx.pl/d/oferta/keratyna-nanoplastia-botox-CID4371-IDOPefc.html,'751026286.html',,2024-04-10 21:12:07
"'Keratyna, nanoplastia, botox'",'Katarzyna',,"Lubin,",https://www.olx.pl/d/oferta/keratyna-nanoplastia-botox-CID4371-IDOPefc.html,'751026286.html',,2024-04-10 21:12:09
'Profesjonalny koncentrat botox do rzęs i brwi Elan LashPlex','blankslatepl',,"Kielce,",https://www.olx.pl/d/oferta/profesjonalny-koncentrat-botox-do-rzes-i-brwi-elan-lashplex-CID3647-IDYjPNc.html,'891307486.html',,2024-04-10 21:12:10
'Profesjonalny koncentrat botox do rzęs i brwi Elan LashPlex','blankslatepl',,"Kielce,",https://www.olx.pl/d/oferta/profesjonalny-koncentrat-botox-do-rzes-i-brwi-elan-lashplex-CID3647-IDYjPNc.html,'891307486.html',,2024-04-10 21:12:12
'250zł= Botox - Botoks/ PLASMA IQ/ Wolumetria/ Powiększenie Ust - RATY','Patrycja',,"Katowice, Giszowiec",https://www.olx.pl/d/oferta/250zl-botox-botoks-plasma-iq-wolumetria-powiekszenie-ust-raty-CID4371-IDxUM0N.html,'501150017.html',,2024-04-10 21:12:13
'250zł= Botox - Botoks/ PLASMA IQ/ Wolumetria/ Powiększenie Ust - RATY','Patrycja',,"Katowice, Giszowiec",https://www.olx.pl/d/oferta/250zl-botox-botoks-plasma-iq-wolumetria-powiekszenie-ust-raty-CID4371-IDxUM0N.html,'501150017.html',,2024-04-10 21:12:14
'Szkolenie z laminacji brwi/rzęs + BOTOX','zhylchuk_v',,"Lublin,",https://www.olx.pl/d/oferta/szkolenie-z-laminacji-brwi-rzes-botox-CID4371-IDZBt2l.html,'910286253.html',,2024-04-10 21:12:16
'Szkolenie z laminacji brwi/rzęs + BOTOX','zhylchuk_v',,"Lublin,",https://www.olx.pl/d/oferta/szkolenie-z-laminacji-brwi-rzes-botox-CID4371-IDZBt2l.html,'910286253.html',,2024-04-10 21:12:17
'250zł= Botox - Botoks/ PLASMA IQ/ Wolumetria/ Powiększenie Ust - RATY','Patrycja',,"Katowice, Giszowiec",https://www.olx.pl/d/oferta/250zl-botox-botoks-plasma-iq-wolumetria-powiekszenie-ust-raty-CID4371-IDxUM0N.html,'501150017.html',,2024-04-10 21:12:23
'250zł= Botox - Botoks/ PLASMA IQ/ Wolumetria/ Powiększenie Ust - RATY','Patrycja',,"Katowice, Giszowiec",https://www.olx.pl/d/oferta/250zl-botox-botoks-plasma-iq-wolumetria-powiekszenie-ust-raty-CID4371-IDxUM0N.html,'501150017.html',,2024-04-10 21:12:24
'Tydzień Botoxu . PROMOCJA 3 PARTIE 399ZL stymulatory 399zl','Leneczka',,"Sosnowiec,",https://www.olx.pl/d/oferta/tydzien-botoxu-promocja-3-partie-399zl-stymulatory-399zl-CID4371-IDWbecv.html,'844927352.html',,2024-04-10 21:12:26
'Tydzień Botoxu . PROMOCJA 3 PARTIE 399ZL stymulatory 399zl','Leneczka',,"Sosnowiec,",https://www.olx.pl/d/oferta/tydzien-botoxu-promocja-3-partie-399zl-stymulatory-399zl-CID4371-IDWbecv.html,'844927352.html',,2024-04-10 21:12:27
"'Promocja KERATYNOWE PROSTOWANIE, Nanoplastia, Botox! KRAKÓW'",'Monika',,"Kraków, Czyżyny",https://www.olx.pl/d/oferta/promocja-keratynowe-prostowanie-nanoplastia-botox-krakow-CID4371-IDO6ATa.html,'740388572.html',,2024-04-10 21:12:29
"'Promocja KERATYNOWE PROSTOWANIE, Nanoplastia, Botox! KRAKÓW'",'Monika',,"Kraków, Czyżyny",https://www.olx.pl/d/oferta/promocja-keratynowe-prostowanie-nanoplastia-botox-krakow-CID4371-IDO6ATa.html,'740388572.html',,2024-04-10 21:12:30
"'Keratynowe prostowanie włosów, nanoplastia, botox'",'Marta',,"Tychy,",https://www.olx.pl/d/oferta/keratynowe-prostowanie-wlosow-nanoplastia-botox-CID4371-IDS3YsR.html,'798869557.html',,2024-04-10 21:12:33
"'Keratynowe prostowanie włosów, nanoplastia, botox'",'Marta',,"Tychy,",https://www.olx.pl/d/oferta/keratynowe-prostowanie-wlosow-nanoplastia-botox-CID4371-IDS3YsR.html,'798869557.html',,2024-04-10 21:12:34
'Naturalny botox krem wyrób rękodzielniczy','Aneta',,"Chorkówka,",https://www.olx.pl/d/oferta/naturalny-botox-krem-wyrob-rekodzielniczy-CID3647-IDT6n1c.html,'814216934.html',,2024-04-10 21:12:35
'Naturalny botox krem wyrób rękodzielniczy','Aneta',,"Chorkówka,",https://www.olx.pl/d/oferta/naturalny-botox-krem-wyrob-rekodzielniczy-CID3647-IDT6n1c.html,'814216934.html',,2024-04-10 21:12:36
'PROMOCJA -200zl -KAZDA-DLUGOSC-Keratyna i Botox','Sylwia',,"Łódź, Polesie",https://www.olx.pl/d/oferta/promocja-200zl-kazda-dlugosc-keratyna-i-botox-CID4371-IDD7bud.html,'577989557.html',,2024-04-10 21:12:38
'PROMOCJA -200zl -KAZDA-DLUGOSC-Keratyna i Botox','Sylwia',,"Łódź, Polesie",https://www.olx.pl/d/oferta/promocja-200zl-kazda-dlugosc-keratyna-i-botox-CID4371-IDD7bud.html,'577989557.html',,2024-04-10 21:12:39
"'Henna pudrowa, laminacja brwi, botox włosów'",'hairbypannahanna',,"Słupsk,",https://www.olx.pl/d/oferta/henna-pudrowa-laminacja-brwi-botox-wlosow-CID4371-IDZeKei.html,'904870798.html',,2024-04-10 21:12:41
"'Henna pudrowa, laminacja brwi, botox włosów'",'hairbypannahanna',,"Słupsk,",https://www.olx.pl/d/oferta/henna-pudrowa-laminacja-brwi-botox-wlosow-CID4371-IDZeKei.html,'904870798.html',,2024-04-10 21:12:42
'Marshmallow botox do włosów nowy','Sprzedająca',,"Słubice,",https://www.olx.pl/d/oferta/marshmallow-botox-do-wlosow-nowy-CID3647-IDYSwQi.html,'899572278.html',,2024-04-10 21:12:44
'Marshmallow botox do włosów nowy','Sprzedająca',,"Słubice,",https://www.olx.pl/d/oferta/marshmallow-botox-do-wlosow-nowy-CID3647-IDYSwQi.html,'899572278.html',,2024-04-10 21:12:45
"'keratynowe prostowanie włosów, botox włosów, keratyna'",'Klaudia',,"Łódź, Polesie",https://www.olx.pl/d/oferta/keratynowe-prostowanie-wlosow-botox-wlosow-keratyna-CID4371-IDOQ5W2.html,'751232612.html',,2024-04-10 21:12:47
"'keratynowe prostowanie włosów, botox włosów, keratyna'",'Klaudia',,"Łódź, Polesie",https://www.olx.pl/d/oferta/keratynowe-prostowanie-wlosow-botox-wlosow-keratyna-CID4371-IDOQ5W2.html,'751232612.html',,2024-04-10 21:12:49
'Makijaż Henna pudrowa Laminacja brwi z farbką i botoksem','Martyna',,"Józefów, Kolonia Błotna",https://www.olx.pl/d/oferta/makijaz-henna-pudrowa-laminacja-brwi-z-farbka-i-botoksem-CID4371-IDXYW8i.html,'886323126.html',,2024-04-10 21:12:51
'Makijaż Henna pudrowa Laminacja brwi z farbką i botoksem','Martyna',,"Józefów, Kolonia Błotna",https://www.olx.pl/d/oferta/makijaz-henna-pudrowa-laminacja-brwi-z-farbka-i-botoksem-CID4371-IDXYW8i.html,'886323126.html',,2024-04-10 21:12:52
'Indywidualny Kurs nanoplastii i botoxu !!!','Szkolenia indywidualne',,"Lublin,",https://www.olx.pl/d/oferta/indywidualny-kurs-nanoplastii-i-botoxu-CID4371-IDWJD7a.html,'853126272.html',,2024-04-10 21:12:54
'Indywidualny Kurs nanoplastii i botoxu !!!','Szkolenia indywidualne',,"Lublin,",https://www.olx.pl/d/oferta/indywidualny-kurs-nanoplastii-i-botoxu-CID4371-IDWJD7a.html,'853126272.html',,2024-04-10 21:12:56
'Rzęsy Przedłużanie Zagęszczanie Wszystkimi Metodami Promocje','Rzęsy Brwi',,"Warszawa, Praga-Południe",https://www.olx.pl/d/oferta/rzesy-przedluzanie-zageszczanie-wszystkimi-metodami-promocje-CID4371-IDXM2H7.html,'883253929.html',,2024-04-10 21:12:57
'Rzęsy Przedłużanie Zagęszczanie Wszystkimi Metodami Promocje','Rzęsy Brwi',,"Warszawa, Praga-Południe",https://www.olx.pl/d/oferta/rzesy-przedluzanie-zageszczanie-wszystkimi-metodami-promocje-CID4371-IDXM2H7.html,'883253929.html',,2024-04-10 21:12:59
"'Promocja usta RUSSIAN LIPS , NA PLASKO 1ml 600zl, botox'",'Kosmetologia',,"Szczecin, Zdroje",https://www.olx.pl/d/oferta/promocja-usta-russian-lips-na-plasko-1ml-600zl-botox-CID4371-IDJ5w8C.html,'666246458.html',,2024-04-10 21:13:01
"'Promocja usta RUSSIAN LIPS , NA PLASKO 1ml 600zl, botox'",'Kosmetologia',,"Szczecin, Zdroje",https://www.olx.pl/d/oferta/promocja-usta-russian-lips-na-plasko-1ml-600zl-botox-CID4371-IDJ5w8C.html,'666246458.html',,2024-04-10 21:13:02
"'Keratynowe prostowanie włosów, botox'",'Kasia',,"Łódź, Górna",https://www.olx.pl/d/oferta/keratynowe-prostowanie-wlosow-botox-CID4371-IDVEvGa.html,'866686230.html',,2024-04-10 21:13:03
"'Keratynowe prostowanie włosów, botox'",'Kasia',,"Łódź, Górna",https://www.olx.pl/d/oferta/keratynowe-prostowanie-wlosow-botox-CID4371-IDVEvGa.html,'866686230.html',,2024-04-10 21:13:04
'250zł= Kwas Hialuronowy Powiększenie Ust Wolumetria BOTOX Plasma RATY','Patrycja',,"Katowice, Giszowiec",https://www.olx.pl/d/oferta/250zl-kwas-hialuronowy-powiekszenie-ust-wolumetria-botox-plasma-raty-CID4371-IDxYH4u.html,'502084338.html',,2024-04-10 21:13:05
'250zł= Kwas Hialuronowy Powiększenie Ust Wolumetria BOTOX Plasma RATY','Patrycja',,"Katowice, Giszowiec",https://www.olx.pl/d/oferta/250zl-kwas-hialuronowy-powiekszenie-ust-wolumetria-botox-plasma-raty-CID4371-IDxYH4u.html,'502084338.html',,2024-04-10 21:13:08
'Szampon odżywka po proteinach botoxie nanoplastii keratynie','Agnieszka',,"Zapusta,",https://www.olx.pl/d/oferta/szampon-odzywka-po-proteinach-botoxie-nanoplastii-keratynie-CID3647-IDZyzaE.html,'909594848.html',,2024-04-10 21:13:10
'Szampon odżywka po proteinach botoxie nanoplastii keratynie','Agnieszka',,"Zapusta,",https://www.olx.pl/d/oferta/szampon-odzywka-po-proteinach-botoxie-nanoplastii-keratynie-CID3647-IDZyzaE.html,'909594848.html',,2024-04-10 21:13:11
"'Lifting, laminacja oraz botox'",'Dominika',,"Gliwice, Śródmieście",https://www.olx.pl/d/oferta/lifting-laminacja-oraz-botox-CID4371-IDXtpKn.html,'878814311.html',,2024-04-10 21:13:12
"'Lifting, laminacja oraz botox'",'Dominika',,"Gliwice, Śródmieście",https://www.olx.pl/d/oferta/lifting-laminacja-oraz-botox-CID4371-IDXtpKn.html,'878814311.html',,2024-04-10 21:13:14
"'Powiększanie ust na płasko 1 ml350zł,2ml450zł,Botox,niciPDO4D,Lipoliza'",'Kamila',,"Wadowice,",https://www.olx.pl/d/oferta/powiekszanie-ust-na-plasko-1-ml350zl-2ml450zl-botox-nicipdo4d-lipoliza-CID4371-IDLSJWK.html,'707534064.html',,2024-04-10 21:13:15
"'Powiększanie ust na płasko 1 ml350zł,2ml450zł,Botox,niciPDO4D,Lipoliza'",'Kamila',,"Wadowice,",https://www.olx.pl/d/oferta/powiekszanie-ust-na-plasko-1-ml350zl-2ml450zl-botox-nicipdo4d-lipoliza-CID4371-IDLSJWK.html,'707534064.html',,2024-04-10 21:13:16
"'Keratyna, botox'",'Aga',,"Dąbrowa Górnicza,",https://www.olx.pl/d/oferta/keratyna-botox-CID4371-IDZw86U.html,'908775844.html',,2024-04-10 21:13:18
"'Keratyna, botox'",'Aga',,"Dąbrowa Górnicza,",https://www.olx.pl/d/oferta/keratyna-botox-CID4371-IDZw86U.html,'908775844.html',,2024-04-10 21:13:19
'Profesjonalna prostownica tytanowa oryginał keratin botox','Darya',,"Warszawa, Ochota",https://www.olx.pl/d/oferta/profesjonalna-prostownica-tytanowa-oryginal-keratin-botox-CID99-IDQkKA0.html,'773315088.html',,2024-04-10 21:13:21
'Profesjonalna prostownica tytanowa oryginał keratin botox','Darya',,"Warszawa, Ochota",https://www.olx.pl/d/oferta/profesjonalna-prostownica-tytanowa-oryginal-keratin-botox-CID99-IDQkKA0.html,'773315088.html',,2024-04-10 21:13:22
'Keratynowe prostowanie/Botox na włosy','Wiki',,"Mirków,",https://www.olx.pl/d/oferta/keratynowe-prostowanie-botox-na-wlosy-CID4371-IDZbyok.html,'904110308.html',,2024-04-10 21:13:24
'Keratynowe prostowanie/Botox na włosy','Wiki',,"Mirków,",https://www.olx.pl/d/oferta/keratynowe-prostowanie-botox-na-wlosy-CID4371-IDZbyok.html,'904110308.html',,2024-04-10 21:13:25
'Maska wygładzająca do włosów Onix Botox 1 litr nowa na prezent','Justyna',,"Barcin,",https://www.olx.pl/d/oferta/maska-wygladzajaca-do-wlosow-onix-botox-1-litr-nowa-na-prezent-CID3647-IDXInl2.html,'882379972.html',,2024-04-10 21:13:32
'Maska wygładzająca do włosów Onix Botox 1 litr nowa na prezent','Justyna',,"Barcin,",https://www.olx.pl/d/oferta/maska-wygladzajaca-do-wlosow-onix-botox-1-litr-nowa-na-prezent-CID3647-IDXInl2.html,'882379972.html',,2024-04-10 21:13:33
'Super cena!!!Przedluzanie włosów','Anastasiia Goddess_hair',,"Warszawa, Wola",https://www.olx.pl/d/oferta/super-cena-przedluzanie-wlosow-CID4371-IDTr6dE.html,'819157246.html',,2024-04-10 21:13:34
'Super cena!!!Przedluzanie włosów','Anastasiia Goddess_hair',,"Warszawa, Wola",https://www.olx.pl/d/oferta/super-cena-przedluzanie-wlosow-CID4371-IDTr6dE.html,'819157246.html',,2024-04-10 21:13:36
'Fryzjerka z dojazdem do domu klientów','fryzjerka profesjonalna',,"Lublin,",https://www.olx.pl/d/oferta/fryzjerka-z-dojazdem-do-domu-klientow-CID4371-IDYNhGP.html,'898326235.html',,2024-04-10 21:13:37
'Fryzjerka z dojazdem do domu klientów','fryzjerka profesjonalna',,"Lublin,",https://www.olx.pl/d/oferta/fryzjerka-z-dojazdem-do-domu-klientow-CID4371-IDYNhGP.html,'898326235.html',,2024-04-10 21:13:39
'Bot oks Love Tox Brunette Love Potion 250 g botox','Keratynowa',,"Warszawa, Ochota",https://www.olx.pl/d/oferta/bot-oks-love-tox-brunette-love-potion-250-g-botox-CID3647-IDYrxE2.html,'893144350.html',,2024-04-10 21:13:40
'Bot oks Love Tox Brunette Love Potion 250 g botox','Keratynowa',,"Warszawa, Ochota",https://www.olx.pl/d/oferta/bot-oks-love-tox-brunette-love-potion-250-g-botox-CID3647-IDYrxE2.html,'893144350.html',,2024-04-10 21:13:42
"'Rzęsy, henna pudrowa, laminacja w Sandra Spa Studio Modelowania Sylwet'",'Agata',,"Bielsko-Biała,",https://www.olx.pl/d/oferta/rzesy-henna-pudrowa-laminacja-w-sandra-spa-studio-modelowania-sylwet-CID4371-IDTXKMT.html,'826939687.html',,2024-04-10 21:13:43
"'Rzęsy, henna pudrowa, laminacja w Sandra Spa Studio Modelowania Sylwet'",'Agata',,"Bielsko-Biała,",https://www.olx.pl/d/oferta/rzesy-henna-pudrowa-laminacja-w-sandra-spa-studio-modelowania-sylwet-CID4371-IDTXKMT.html,'826939687.html',,2024-04-10 21:13:44
'Stylizacja Brwi Rzes Laminacja Henna Praga Południe - Wiatraczna','LIDIA',,"Warszawa, Praga-Południe",https://www.olx.pl/d/oferta/stylizacja-brwi-rzes-laminacja-henna-praga-poludnie-wiatraczna-CID4371-IDZl5e0.html,'906381472.html',,2024-04-10 21:13:45
'Stylizacja Brwi Rzes Laminacja Henna Praga Południe - Wiatraczna','LIDIA',,"Warszawa, Praga-Południe",https://www.olx.pl/d/oferta/stylizacja-brwi-rzes-laminacja-henna-praga-poludnie-wiatraczna-CID4371-IDZl5e0.html,'906381472.html',,2024-04-10 21:13:47
'Botoks -Botulina Promocja 170 zł','INSTYTUT URODY',,"Gdańsk, Aniołki",https://www.olx.pl/d/oferta/botoks-botulina-promocja-170-zl-CID4371-IDZ4WRX.html,'902532261.html',,2024-04-10 21:13:48
'Botoks -Botulina Promocja 170 zł','INSTYTUT URODY',,"Gdańsk, Aniołki",https://www.olx.pl/d/oferta/botoks-botulina-promocja-170-zl-CID4371-IDZ4WRX.html,'902532261.html',,2024-04-10 21:13:49
"'Powiększanie ust Russian Lips 1ml 600zl ,botox , volumetria twarzy'",'Kosmetologia',,"Police, Stare Miasto",https://www.olx.pl/d/oferta/powiekszanie-ust-russian-lips-1ml-600zl-botox-volumetria-twarzy-CID4371-IDPQNn7.html,'766175981.html',,2024-04-10 21:13:51
"'Powiększanie ust Russian Lips 1ml 600zl ,botox , volumetria twarzy'",'Kosmetologia',,"Police, Stare Miasto",https://www.olx.pl/d/oferta/powiekszanie-ust-russian-lips-1ml-600zl-botox-volumetria-twarzy-CID4371-IDPQNn7.html,'766175981.html',,2024-04-10 21:13:52
'Modelki/ Botox / Keratynowe prostowanie','Magdalena',,"Sanok,",https://www.olx.pl/d/oferta/modelki-botox-keratynowe-prostowanie-CID4371-IDZf2xW.html,'904941207.html',,2024-04-10 21:13:54
'Modelki/ Botox / Keratynowe prostowanie','Magdalena',,"Sanok,",https://www.olx.pl/d/oferta/modelki-botox-keratynowe-prostowanie-CID4371-IDZf2xW.html,'904941207.html',,2024-04-10 21:13:56
'Prostowanie włosów (NIE KERATYNA)- Nanoplastia i botox.','Szkolenia indywidualne',,"Lublin,",https://www.olx.pl/d/oferta/prostowanie-wlosow-nie-keratyna-nanoplastia-i-botox-CID4371-IDIi4Fo.html,'654466630.html',,2024-04-10 21:13:58
'Prostowanie włosów (NIE KERATYNA)- Nanoplastia i botox.','Szkolenia indywidualne',,"Lublin,",https://www.olx.pl/d/oferta/prostowanie-wlosow-nie-keratyna-nanoplastia-i-botox-CID4371-IDIi4Fo.html,'654466630.html',,2024-04-10 21:14:00
'10 ampułek Mk majestic antiaging botox na włosy','Magda',,"Tuchola,",https://www.olx.pl/d/oferta/10-ampulek-mk-majestic-antiaging-botox-na-wlosy-CID3647-IDYHYjj.html,'897060101.html',,2024-04-10 21:14:02
'10 ampułek Mk majestic antiaging botox na włosy','Magda',,"Tuchola,",https://www.olx.pl/d/oferta/10-ampulek-mk-majestic-antiaging-botox-na-wlosy-CID3647-IDYHYjj.html,'897060101.html',,2024-04-10 21:14:05
"'Modelki do keratyny, botoksu i regeneracji zimnem'",'Violetta',,"Warszawa, Mokotów",https://www.olx.pl/d/oferta/modelki-do-keratyny-botoksu-i-regeneracji-zimnem-CID4371-IDZA1KT.html,'909943055.html',,2024-04-10 21:14:07
"'Modelki do keratyny, botoksu i regeneracji zimnem'",'Violetta',,"Warszawa, Mokotów",https://www.olx.pl/d/oferta/modelki-do-keratyny-botoksu-i-regeneracji-zimnem-CID4371-IDZA1KT.html,'909943055.html',,2024-04-10 21:14:09
"'Stylizacja paznokci Piaseczno, manicure, pedicure laminacja brwi rzęs'",'Magdalena',,"Piaseczno,",https://www.olx.pl/d/oferta/stylizacja-paznokci-piaseczno-manicure-pedicure-laminacja-brwi-rzes-CID4371-IDZscaw.html,'908076459.html',,2024-04-10 21:14:11
"'Stylizacja paznokci Piaseczno, manicure, pedicure laminacja brwi rzęs'",'Magdalena',,"Piaseczno,",https://www.olx.pl/d/oferta/stylizacja-paznokci-piaseczno-manicure-pedicure-laminacja-brwi-rzes-CID4371-IDZscaw.html,'908076459.html',,2024-04-10 21:14:12
"'Powiększanie ust,stymulatory tkankowe,botox,Rzesy,lipoliza,dermapen,op'",'Beauty',,"Brwinów,",https://www.olx.pl/d/oferta/powiekszanie-ust-stymulatory-tkankowe-botox-rzesy-lipoliza-dermapen-op-CID4371-IDCdirH.html,'564669941.html',,2024-04-10 21:14:14
"'Powiększanie ust,stymulatory tkankowe,botox,Rzesy,lipoliza,dermapen,op'",'Beauty',,"Brwinów,",https://www.olx.pl/d/oferta/powiekszanie-ust-stymulatory-tkankowe-botox-rzesy-lipoliza-dermapen-op-CID4371-IDCdirH.html,'564669941.html',,2024-04-10 21:14:15
"'Keratynowe prostowanie, Nanoplastia, Intensywna Regeneracja Włosów'",'Kasia',,"Gliwice, Sikornik",https://www.olx.pl/d/oferta/keratynowe-prostowanie-nanoplastia-intensywna-regeneracja-wlosow-CID4371-IDYmwJq.html,'891945356.html',,2024-04-10 21:14:42
"'Keratynowe prostowanie, Nanoplastia, Intensywna Regeneracja Włosów'",'Kasia',,"Gliwice, Sikornik",https://www.olx.pl/d/oferta/keratynowe-prostowanie-nanoplastia-intensywna-regeneracja-wlosow-CID4371-IDYmwJq.html,'891945356.html',,2024-04-10 21:14:43
"'Powiekszanie ust, wolumetria, botoks , makijaz pernamentny'",'Agnieszka',,"Katowice, Wełnowiec-Józefowiec",https://www.olx.pl/d/oferta/powiekszanie-ust-wolumetria-botoks-makijaz-pernamentny-CID4371-IDZfb6N.html,'904974121.html',,2024-04-10 21:14:44
"'Powiekszanie ust, wolumetria, botoks , makijaz pernamentny'",'Agnieszka',,"Katowice, Wełnowiec-Józefowiec",https://www.olx.pl/d/oferta/powiekszanie-ust-wolumetria-botoks-makijaz-pernamentny-CID4371-IDZfb6N.html,'904974121.html',,2024-04-10 21:14:45
'Szampon odżywka po proteinach botoxie nanoplastii keratynie','Agnieszka',,"Zapusta,",https://www.olx.pl/d/oferta/szampon-odzywka-po-proteinach-botoxie-nanoplastii-keratynie-CID3647-IDZyzaE.html,'909594848.html',,2024-04-10 21:15:24
'Szampon odżywka po proteinach botoxie nanoplastii keratynie','Agnieszka',,"Zapusta,",https://www.olx.pl/d/oferta/szampon-odzywka-po-proteinach-botoxie-nanoplastii-keratynie-CID3647-IDZyzaE.html,'909594848.html',,2024-04-10 21:15:25
